id,season_id,team_level,opponent_name,home_away,venue,match_date,girone,status,giornata,fase
7af4cf40-77dc-519d-8897-487b9a5c405c,1a7216e2-ce88-5262-9f53-679da005349e,prima_squadra,Azimut Giorgione,trasferta,Castelfranco Veneto (TV),2026-10-18T17:00:00+02:00,Girone B,scheduled,1,andata
5616abe1-c59b-59e1-bdec-3ddfc9efaad0,1a7216e2-ce88-5262-9f53-679da005349e,prima_squadra,Tonno Callipo Calabria,casa,Verona,2026-10-25T17:00:00+01:00,Girone B,scheduled,2,andata
722f1300-eff3-55ca-9547-9e17c2eea7fc,1a7216e2-ce88-5262-9f53-679da005349e,prima_squadra,CO.GE. Vesuvio Oplonti,trasferta,Torre Annunziata (NA),2026-10-31T17:00:00+01:00,Girone B,scheduled,3,andata
28f20e9f-83d8-5c02-bc17-8251b56d0fc0,1a7216e2-ce88-5262-9f53-679da005349e,prima_squadra,Banca Annia Aduna Padova,casa,Verona,2026-11-08T17:00:00+01:00,Girone B,scheduled,4,andata
f643f1d5-1e1d-5dac-8a49-5a13a334f8d7,1a7216e2-ce88-5262-9f53-679da005349e,prima_squadra,V&V Modena,trasferta,Modena,2026-11-14T17:00:00+01:00,Girone B,scheduled,5,andata
9f5746dc-8719-56e9-ba11-27dd04d7d6e5,1a7216e2-ce88-5262-9f53-679da005349e,prima_squadra,Zero5 Castellana Grotte,casa,Verona,2026-11-22T17:00:00+01:00,Girone B,scheduled,6,andata
b208f3b0-21c9-56df-81a0-563ccb2faed8,1a7216e2-ce88-5262-9f53-679da005349e,prima_squadra,Olimpia di Navigazione Ravenna,trasferta,Ravenna,2026-11-28T17:00:00+01:00,Girone B,scheduled,7,andata
0a73d2d4-7467-5115-96bd-019bc7f51b14,1a7216e2-ce88-5262-9f53-679da005349e,prima_squadra,Azimut Giorgione,casa,Verona,2026-12-06T17:00:00+01:00,Girone B,scheduled,8,ritorno
cf83cdbf-f314-5f40-97e9-0ed55aaad62b,1a7216e2-ce88-5262-9f53-679da005349e,prima_squadra,Tonno Callipo Calabria,trasferta,Vibo Valentia,2026-12-13T17:00:00+01:00,Girone B,scheduled,9,ritorno
1b011601-7918-59b1-ae24-3bb03d5eb757,1a7216e2-ce88-5262-9f53-679da005349e,prima_squadra,CO.GE. Vesuvio Oplonti,casa,Verona,2026-12-20T17:00:00+01:00,Girone B,scheduled,10,ritorno
94003a13-e845-59e1-823c-53afec356453,1a7216e2-ce88-5262-9f53-679da005349e,prima_squadra,Banca Annia Aduna Padova,trasferta,Padova,2027-01-10T17:00:00+01:00,Girone B,scheduled,11,ritorno
5c121a11-f7ac-55e1-92ee-d961d323187d,1a7216e2-ce88-5262-9f53-679da005349e,prima_squadra,V&V Modena,casa,Verona,2027-01-17T17:00:00+01:00,Girone B,scheduled,12,ritorno
c6314120-c6e1-52ec-9e2e-482b1472c592,1a7216e2-ce88-5262-9f53-679da005349e,prima_squadra,Zero5 Castellana Grotte,trasferta,Castellana Grotte (BA),2027-01-23T17:00:00+01:00,Girone B,scheduled,13,ritorno
4c5708db-321e-5cd1-bf02-6190f0e46936,1a7216e2-ce88-5262-9f53-679da005349e,prima_squadra,Olimpia di Navigazione Ravenna,casa,Verona,2027-01-31T17:00:00+01:00,Girone B,scheduled,14,ritorno
