id,season_id,first_name,last_name,role,photo_url,bio,is_active,sort_order
87959081-06cc-5461-8a8f-211733f42457,1a7216e2-ce88-5262-9f53-679da005349e,Beatrice,Giroldi,palleggiatrice,giocatrici/beatrice-giroldi.jpg,Regista e capitana: è da lei che è partita la presentazione del roster per la Serie A3.,true,1
56edb0c1-9211-5edf-9073-44568d97c93c,1a7216e2-ce88-5262-9f53-679da005349e,Sofia,Grandi,palleggiatrice,giocatrici/sofia-grandi.jpg,"Confermata, completa il reparto delle palleggiatrici per il campionato di Serie A3.",true,2
e1aa6e63-2ed7-5659-8181-dcc5cb2aaa93,1a7216e2-ce88-5262-9f53-679da005349e,Nicole,Tellaroli,opposto,giocatrici/nicole-tellaroli.jpg,Confermata come opposto della Smapiù Arena anche in Serie A3.,true,3
f6a4024e-6456-5768-ad0c-33f706e81ae3,1a7216e2-ce88-5262-9f53-679da005349e,Vittoria,Adami,opposto,giocatrici/vittoria-adami.jpg,"Classe 2007, dopo una prima stagione positiva in Serie B1 completa il reparto degli opposti.",true,4
feadcd4c-5126-5736-949d-cfe6f2f6c35d,1a7216e2-ce88-5262-9f53-679da005349e,Aurora,Piron,schiacciatrice,giocatrici/aurora-piron.jpg,"Classe 2007, confermata dopo la sua prima stagione positiva alla Smapiù Arena.",true,5
80774d16-5320-5055-bcfb-11aa606dce90,1a7216e2-ce88-5262-9f53-679da005349e,Francesca,Trevisan,schiacciatrice,giocatrici/francesca-trevisan.jpg,Nuovo martello della Smapiù Arena per la stagione 2026/27.,true,6
3c3b9cb2-2e73-5b44-9f0f-99a26a151873,1a7216e2-ce88-5262-9f53-679da005349e,Alice,Trampus,schiacciatrice,giocatrici/alice-trampus.jpg,Nuova schiacciatrice della Smapiù Arena.,true,7
cc4c93a0-18b9-5194-8207-3d9eb5aa206d,1a7216e2-ce88-5262-9f53-679da005349e,Anna,Riccato,centrale,giocatrici/anna-riccato.jpg,Confermata nel reparto centrali per la stagione in Serie A3.,true,8
1c6184a6-9093-541b-8abf-4e0fb0194494,1a7216e2-ce88-5262-9f53-679da005349e,Chiara,Murari,centrale,giocatrici/chiara-murari.jpg,"Giovane centrale, confermata dopo due stagioni positive in Serie B1.",true,9
efa900a8-c563-5d0b-9fd7-0f4652679d12,1a7216e2-ce88-5262-9f53-679da005349e,Sara,Bonini,centrale,giocatrici/sara-bonini.jpg,Altra conferma importante nel reparto centrali.,true,10
26ddbb30-be13-522c-aac4-e436ee909fbe,1a7216e2-ce88-5262-9f53-679da005349e,Valentina,Gatti,centrale,giocatrici/valentina-gatti.jpg,Arriva a completare il reparto delle centrali per la Serie A3.,true,11
8d723113-2ab7-599a-b3eb-6d229962345d,1a7216e2-ce88-5262-9f53-679da005349e,Isabella,Monaco,libero,giocatrici/isabella-monaco.jpg,Nuovo innesto per il reparto dei liberi.,true,12
